,Title,Company,Location,Posted_time
0,Data Analyst,Flipkart,"Bengaluru, Karnataka, India",1 week ago
1,Python Developer,Euphoric Thought Technologies,"Bengaluru, Karnataka, India",1 day ago
2,Associate - Bangalore - Technology Consulting,PwC India,"Bengaluru, Karnataka, India",1 week ago
3,Product Analyst,redBus,"Bengaluru, Karnataka, India",2 days ago
4,Python Developer,IceCream Labs,"Bengaluru, Karnataka, India",2 months ago
5,Associate Consultant/ Consultant - IT Audit,KPMG India,"Bengaluru, Karnataka, India",2 weeks ago
6,Business Analyst,redBus,"Bengaluru, Karnataka, India",1 day ago
7,Python Developer,Reliance Jio Infocom Limited,"Bengaluru, Karnataka, India",3 weeks ago
8,Junior Python Developer,Wealthy,"Bengaluru, Karnataka, India",1 month ago
9,"Software Engineer, Google Ads",Google,"Bengaluru, Karnataka, India",1 week ago
10,Software Engineer (Python/Go/Swift),Apple,"Bengaluru, Karnataka, India",2 weeks ago
11,Data Analyst,Acme Services,"Bengaluru, Karnataka, India",4 days ago
12,"Data Scientist, Business and Marketing",Google,"Bangalore Urban, Karnataka, India",1 week ago
13,Python,Encora Inc.,"Bengaluru, Karnataka, India",1 month ago
14,Python Developer,Persistent Systems,"Bengaluru, Karnataka, India",2 weeks ago
15,Python Developer,Sadup Softech,"Bengaluru, Karnataka, India",1 day ago
16,Business Analyst,Capgemini Engineering,"Bengaluru, Karnataka, India",1 week ago
17,Python Developer,Zealogics Inc,"Bengaluru, Karnataka, India",2 weeks ago
18,Associate-Data annotation,Wipro,"Bengaluru, Karnataka, India",1 day ago
19,Data Scientist,Wipro,"Bengaluru, Karnataka, India",2 days ago
20,[Winter Internship] Machine Learning,Enterpret,"Bengaluru, Karnataka, India",3 weeks ago
21,"Software Engineer, Google Cloud",Google,"Bengaluru, Karnataka, India",1 week ago
22,Data Analyst - Consumer Analytics,Eli Lilly and Company,"Bengaluru, Karnataka, India",1 week ago
23,Python Developer,Pericius Technologies,"Bengaluru, Karnataka, India",4 weeks ago
24,OPENING FOR JUNIOR PYTHON DEVELOPER,Tech Mahindra Business Services,"Bengaluru, Karnataka, India",1 week ago
25,Python Developer,CloudPanel Technologies,"Bengaluru North, Karnataka, India",1 month ago
26,Python programmer,IDESLABS PRIVATE LIMITED,"Bangalore Urban, Karnataka, India",1 day ago
27,Python Developer,PeopleDecode,"Bengaluru, Karnataka, India",3 weeks ago
28,Python Developer,"o9 Solutions, Inc.","Bengaluru, Karnataka, India",2 weeks ago
29,Python Developer,ITC Infotech,"Bengaluru, Karnataka, India",2 weeks ago
30,Python Developer,GM Infotech,"Places of worship in Bangalore, India",2 months ago
31,Python Developer,ReBid,"Bengaluru North, Karnataka, India",1 month ago
32,Python Developer,Paycraft Solutions Pvt. Ltd.,"Bengaluru North, Karnataka, India",1 month ago
33,Intern - Software Engineer,Philips,"Bengaluru, Karnataka, India",1 day ago
34,Python Developer,Tarams,"Bengaluru, Karnataka, India",1 month ago
35,Python,Encora Inc.,"Bengaluru, Karnataka, India",5 months ago
36,Python Developer,91social,"Bengaluru North, Karnataka, India",1 month ago
37,Python Developer,Tarams,"Bengaluru East, Karnataka, India",2 weeks ago
38,ICETS - Python (AI/ML) Developer,Infosys,"Bengaluru, Karnataka, India",1 week ago
39,Data Analyst,LKQ Corporation,"Bangalore Urban, Karnataka, India",1 month ago
40,Python Developer,gnani.ai,"Bengaluru North, Karnataka, India",3 weeks ago
41,Python Developer,GrowthFalcons,"Bengaluru North, Karnataka, India",1 month ago
42,Python Developer,Tillitopedia,"Bengaluru, Karnataka, India",1 week ago
43,Python API Developer (Remote),LatentBridge,"Bengaluru, Karnataka, India",1 week ago
44,Python/Django Developer,Gloify,"Bengaluru, Karnataka, India",1 month ago
45,Python Developer,Altimetrik,"Bengaluru, Karnataka, India",2 weeks ago
46,Python Developer,Element Technologies Inc,"Bengaluru, Karnataka, India",1 month ago
47,Software Engineer - MERN Fresher,Anakin,"Bengaluru, Karnataka, India",1 week ago
48,Junior PYTHON DEVELOPER,VEGA Intellisoft Pvt Ltd,"Bengaluru, Karnataka, India",2 weeks ago
49,Lead Business Analyst (Analytics),"Groww, India","Bengaluru, Karnataka, India",1 week ago
50,Python Developer,Gracira Technologies,"Bengaluru North, Karnataka, India",1 month ago
51,Python SDE II / III,AJIO.com,"Bengaluru, Karnataka, India",3 weeks ago
52,Associate - Bangalore - Technology Consulting,PwC India,"Bengaluru, Karnataka, India",2 weeks ago
53,QA Engineer - Manual,Awign,"Bengaluru, Karnataka, India",1 month ago
54,Research SDE,Microsoft,"Bengaluru, Karnataka, India",1 week ago
55,Python Developer,Meslova Systems Pvt Ltd,"Bengaluru North, Karnataka, India",1 month ago
56,Data Scientist,BrandMuscle,"Bengaluru, Karnataka, India",6 days ago
57,Python Developer,Emproto Technologies,"Bengaluru North, Karnataka, India",3 months ago
58,Production Support Engineer,Razorpay,"Bangalore Urban, Karnataka, India",1 week ago
59,Python Developer,Adecco,"Bengaluru, Karnataka, India",2 weeks ago
60,Python Developer,Banyan Cloud,"Bengaluru, Karnataka, India",3 weeks ago
61,Data Scientist,Asper.ai,"Bengaluru, Karnataka, India",1 day ago
62,Business Analyst,Flipkart,"Bengaluru, Karnataka, India",1 week ago
63,Python Developer,Infosys,"Bengaluru, Karnataka, India",5 days ago
64,Python Developer,KoiReader - Unlock Smart Operations,"Bengaluru, Karnataka, India",1 month ago
65,Python Developer,Toolyt,"Bengaluru, Karnataka, India",1 month ago
66,Data Scientist,Solutionec,"Bengaluru, Karnataka, India",1 month ago
67,URGENT HIRING WITH TECH MAHINDRA-SQL DEVELOPER,Tech Mahindra Business Services,"Bengaluru, Karnataka, India",1 week ago
68,Junior Developer - Python/Js (Django is Must),Next Labs,"Bengaluru, Karnataka, India",1 month ago
69,Associate Data Engineer,Shell,"Bengaluru, Karnataka, India",2 weeks ago
70,Python Developer,CodersBrain,"Bengaluru, Karnataka, India",1 month ago
71,Python Developer,Quantiphi,"Bengaluru, Karnataka, India",3 weeks ago
72,Software Engineer,PhonePe,"Bengaluru, Karnataka, India",6 days ago
73,BI Analyst (Finance),Adobe,"Bengaluru, Karnataka, India",1 week ago
74,Data Analyst / Predictive Analytics - MMM + R,Annalect India,"Bengaluru, Karnataka, India",6 days ago
75,Backend Developer - Python,ShopSe,"Bengaluru, Karnataka, India",3 weeks ago
76,Associate Software Engineer,Nagarro,"Bengaluru, Karnataka, India",1 day ago
77,Data Engineer,Mindera,"Bengaluru, Karnataka, India",1 month ago
78,Python Developer,ExamRoom.AIÂ®,"Bengaluru, Karnataka, India",5 days ago
79,Data Scientist,Acme Services,"Bangalore Urban, Karnataka, India",3 days ago
80,Python Developer,ITC Infotech,"Bengaluru, Karnataka, India",2 weeks ago
81,Python Developer,Tillitopedia,"Bengaluru North, Karnataka, India",2 weeks ago
82,Python Developer,CoffeeBeans,"Bengaluru North, Karnataka, India",1 month ago
83,Python Developer,Techasoft Pvt Ltd,"Bengaluru, Karnataka, India",1 month ago
84,Node + Python Developer,CodersBrain,"Bengaluru, Karnataka, India",1 week ago
85,Python Backend Developer,KreditBee,"Bengaluru, Karnataka, India",1 month ago
86,Python Developer,TrustCheckr,"Bengaluru North, Karnataka, India",1 month ago
87,Python developer,Sollys Consulting and Solutions Pvt Ltd,"Bengaluru North, Karnataka, India",1 month ago
88,Data Modeling/ETL/SQL Consultant,Deloitte,"Bangalore Urban, Karnataka, India",3 days ago
89,Software Development Engineer,Adobe,"Bengaluru, Karnataka, India",1 week ago
90,Data Scientist,Rently,"Bengaluru, Karnataka, India",2 days ago
91,Python Backend Developer,Digitap.ai,"Bengaluru, Karnataka, India",1 month ago
92,Python Developer,Societe Generale,"Bengaluru, Karnataka, India",3 weeks ago
93,"Software Engineer, Front End, Google Cloud",Google,"Bengaluru, Karnataka, India",1 week ago
94,Python Developer - Django/Flask,Macropace Technologies,"Bengaluru, Karnataka, India",2 weeks ago
95,Python Developer,Headrun,"Bengaluru North, Karnataka, India",1 month ago
96,Python Developer,Ellicium Solutions Inc.,"Bengaluru North, Karnataka, India",1 month ago
97,Data Science,ESSENWARE PRIVATE LIMITED,"Bengaluru, Karnataka, India",1 week ago
98,Python Developer,FuGenX Technologies,"Bengaluru North, Karnataka, India",1 month ago
99,Business Intelligence Analyst,Adobe,"Bengaluru, Karnataka, India",1 week ago
100,Python Developer,Banyan Cloud,"Bengaluru, Karnataka, India",1 day ago
101,Python Developer,AH INFOTECH,"Bengaluru, Karnataka, India",1 month ago
102,Junior Data Analyst,Millennium IMS Private Limited,"Bengaluru, Karnataka, India",3 weeks ago
103,Product Analyst,FRND,"Bengaluru, Karnataka, India",1 week ago
104,SDET II,Cleartrip,"Bengaluru, Karnataka, India",1 day ago
105,Python Developer,e-Hireo,"Bengaluru, Karnataka, India",1 week ago
106,Python Developer,Bizpole,"Bengaluru, Karnataka, India",1 month ago
107,DATA SCIENTIST-1,Walmart Global Tech India,"Bengaluru, Karnataka, India",2 days ago
108,Backend Intern,GoComet,"Bengaluru, Karnataka, India",1 week ago
109,Python /Django Developer,Levelup11,"Bengaluru North, Karnataka, India",1 month ago
110,PYTHON (Remote),GFL Recruitment Private Limited,"Bengaluru, Karnataka, India",1 day ago
111,Python/Django Developer,RecoSense Infosolutions,"Bengaluru North, Karnataka, India",1 month ago
112,Associate Business Analyst,Infosys BPM,"Bengaluru, Karnataka, India",2 weeks ago
113,Data Engineer,Tata Technologies,"Bengaluru, Karnataka, India",2 days ago
114,Python Developer-Initially Remote,CodersBrain,"Bengaluru, Karnataka, India",1 month ago
115,Python Developer-Initially Remote,CodersBrain,"Bengaluru, Karnataka, India",1 month ago
116,Python developers,eShipz,"Bengaluru North, Karnataka, India",1 month ago
117,Python Developer,Eastvantage,"Bengaluru North, Karnataka, India",1 month ago
118,Python developer,MediaTek,"Bengaluru, Karnataka, India",1 week ago
119,Software Engineer - Python,ConnectWise,"Bengaluru, Karnataka, India",3 weeks ago
120,Data Scientist,Valiance Solutions,"Bangalore Urban, Karnataka, India",3 days ago
121,Django Developer,Glamplus,"Bengaluru North, Karnataka, India",1 month ago
122,Python Developer,Growth Gamut,"Bengaluru North, Karnataka, India",1 month ago
123,Data Scientist- 2,Cashfree Payments,"Bengaluru, Karnataka, India",1 week ago
124,Python Developer,Rojgar Group,"Bengaluru, Karnataka, India",1 month ago
125,Data Scientist,Fractal,"Bangalore Urban, Karnataka, India",1 week ago
126,Data analyst,Miric Biotech Limited,"Bengaluru, Karnataka, India",1 month ago
127,Python Automation,Qualitest,"Bengaluru, Karnataka, India",1 month ago
128,"Software Engineer II, Learning & Education",Google,"Bengaluru, Karnataka, India",1 week ago
129,Python-Django Developer,Mindtree,"Bengaluru, Karnataka, India",2 weeks ago
130,JOB || DATA ANALYST || TECH MAHINDRA,Tech Mahindra Business Services,"Bengaluru, Karnataka, India",1 week ago
131,Business Analyst,DSLR Technologies,"Bengaluru, Karnataka, India",1 week ago
132,UI Engineer,PhonePe,"Bengaluru, Karnataka, India",1 week ago
133,Data Scientist I/II,BetterPlace,"Bengaluru, Karnataka, India",1 week ago
134,Software Engineer Intern,ClearFeed,"Bengaluru, Karnataka, India",1 week ago
135,Junior Data Scientist,JobDost,"Bengaluru North, Karnataka, India",1 month ago
136,Python Developer,UST,"Bengaluru, Karnataka, India",1 week ago
137,Python - Manager - Bangalore,KPMG India,"Bengaluru, Karnataka, India",1 week ago
138,Jr. Backend Engineer,Volopay,"Bengaluru North, Karnataka, India",1 week ago
139,Software Engineer (Backend 3-5yrs),PhonePe,"Bengaluru, Karnataka, India",2 weeks ago
140,Python Developer,CAST,"Bangalore Urban, Karnataka, India",3 weeks ago
141,"Python Developer(skill-Core python, Data Type, Flask, OOPS, Django, SQL Alchaemy, ORM)",CodersBrain,"Bengaluru, Karnataka, India",2 weeks ago
142,Data Engineer,UST,"Bengaluru, Karnataka, India",1 day ago
143,"Python, R",VEGA Intellisoft Pvt Ltd,"Bengaluru, Karnataka, India",2 weeks ago
144,Python + Django Developer,Persistent Systems,"Bengaluru, Karnataka, India",1 day ago
145,Director -Data & Analytics,Pure Storage,"Bengaluru, Karnataka, India",1 week ago
146,"Software Engineer (Fresh Graduate, Senior, Principal, Architect Position) - India",Indodana,"Bengaluru, Karnataka, India",1 day ago
147,Python Developer,StatusNeo,"Bengaluru North, Karnataka, India",1 month ago
148,Data Scientist,Skan.ai,"Bengaluru, Karnataka, India",6 days ago
149,Python Developer,Hyrhub,"Bengaluru North, Karnataka, India",1 month ago
150,Software Developer,Edgio,"Bengaluru, Karnataka, India",4 weeks ago
151,Technical Program Manager,redBus,"Bengaluru, Karnataka, India",1 day ago
152,QA Engineer,BrandMuscle,"Bengaluru, Karnataka, India",6 days ago
153,Intern - SDE | Full-Stack,CloudSEK,"Bengaluru, Karnataka, India",1 day ago
154,Robotics Engineer,Playto Labs,"Bengaluru, Karnataka, India",1 week ago
155,Data Scientist,Nabler (now Brainlabs),"Bengaluru, Karnataka, India",1 month ago
156,Data Scientist (Remote),Hire Digital,"Bengaluru, Karnataka, India",1 month ago
157,Data Analyst,DriveU,"Bengaluru, Karnataka, India",3 weeks ago
158,Data Analyst 2,Zynga,"Bengaluru, Karnataka, India",2 weeks ago
159,Data Analyst,Novo Nordisk,"Bengaluru, Karnataka, India",1 week ago
160,Quality Assurance/Software Development Engineer - Testing II,PharmEasy,"Bengaluru North, Karnataka, India",1 month ago
161,Fresh To Home Foods - Data Analyst - R/SQL/Python,FreshToHome,"Bengaluru, Karnataka, India",1 month ago
